"Name","Given Name","Additional Name","Family Name","Yomi Name","Given Name Yomi","Additional Name Yomi","Family Name Yomi","Name Prefix","Name Suffix","Initials","Nickname","Short Name","Maiden Name","Birthday","Gender","Location","Billing Information","Directory Server","Mileage","Occupation","Hobby","Sensitivity","Priority","Subject","Notes","Group Membership","E-mail 1 - Type","E-mail 1 - Value","Phone 1 - Type","Phone 1 - Value","Phone 2 - Type","Phone 2 - Value","Phone 3 - Type","Phone 3 - Value"
"Alphonse DAUDET","Alphonse","","DAUDET","","","","","","","","","","","","","","","","","","","","","","","* My Contacts","* Home","alphonse.daudet@ecrivain.fr","Main","+33 1 34 35 89 06","Mobile","+33 6 34 56 34 21","Work","+33 1 65 76 35 62"
"Jacques DUPONT","Jacques","","DUPONT","","","","","","","","","","","","","","","","","","","","","","","* My Contacts","* Home","jdupont@free.fr","Mobile","+33 6 35 41 32 98 ::: +44 7623 786541","Work","+44 2034 346767","",""
"John SMITH","John","","SMITH","","","","","","","","","","","","","","","","","","","","","","","* My Contacts","","","Mobile","+44 2087 531754","Work","+33 6 54 31 53 41","",""
